fips_code,population
0,
1000,
1001,
1001,55395
1003,
1003,200111
1005,26887
1005,
1007,22506
1007,
1009,
1009,57719
1011,10764
1011,
1013,20296
1013,
1015,
1015,115916
1017,
1017,34076
1019,
1019,26037
1021,
1021,43931
1023,13323
1023,
1025,24945
1025,
1027,
1027,13552
1029,
1029,15080
1031,50909
1031,
1033,54543
1033,
1035,12670
1035,
1037,10886
1037,
1039,37914
1039,
1041,
1041,13977
1043,
1043,81289
1045,49484
1045,
1047,41711
1047,
1049,
1049,71065
1051,80977
1051,
1053,37733
1053,
1055,
1055,103531
1057,
1057,16874
1059,
1059,31601
1061,
1061,26712
1063,
1063,8553
1065,15184
1065,
1067,17190
1067,
1069,
1069,104193
1071,
1071,52665
1073,660793
1073,
1075,14086
1075,
1077,93096
1077,
1079,
1079,33477
1081,
1081,154255
1083,
1083,90787
1085,10580
1085,
1087,19425
1087,
1089,350299
1089,
1091,
1091,20110
1093,30271
1093,
1095,94636
1095,
1097,415123
1097,
1099,
1099,21947
1101,226189
1101,
1103,119607
1103,
1105,9826
1105,
1107,
1107,20365
1109,
1109,33389
1111,
1111,22539
1113,
1113,59608
1115,86697
1115,
1117,
1117,206655
1119,
1119,13166
1121,
1121,81322
1123,
1123,41165
1125,202212
1125,
1127,
1127,65471
1129,
1129,16834
1131,11098
1131,
1133,24150
1133,
2000,
2010,
2013,
2013,3360
2016,5750
2016,
2020,301010
2020,
2050,
2050,17868
2060,957
2060,
2068,1921
2068,
2070,4988
2070,
2090,
2090,99357
2100,2566
2100,
2105,2082
2105,
2110,32406
2110,
2122,57477
2122,
2130,13787
2130,
2150,
2150,13986
2164,
2164,1631
2170,
2170,97882
2180,9817
2180,
2185,9703
2185,
2188,7717
2188,
2195,3160
2195,
2198,6396
2198,
2201,
2220,
2220,8900
2230,1036
2230,
2231,
2232,
2240,6931
2240,
2261,9488
2261,
2270,
2270,8010
2275,2364
2275,
2280,
2282,635
2282,
2290,5547
2290,
4000,
4001,
4001,71828
4003,
4003,127448
4005,137682
4005,
4007,
4007,53119
4009,37957
4009,
4011,9346
4011,
4012,
4012,20231
4013,4087191
4013,
4015,
4015,203361
4017,108101
4017,
4019,
4019,1004516
4021,
4021,401918
4023,
4023,46695
4025,
4025,218844
4027,203247
4027,
5000,
5001,18594
5001,
5003,
5003,20948
5005,40857
5005,
5007,242321
5007,
5009,
5009,37196
5011,11148
5011,
5013,5202
5013,
5015,
5015,27744
5017,11180
5017,
5019,
5019,22576
5021,
5021,15118
5023,25634
5023,
5025,8449
5025,
5027,
5027,23933
5029,
5029,21083
5031,102518
5031,
5033,
5033,61697
5035,49548
5035,
5037,
5037,17227
5039,7755
5039,
5041,12264
5041,
5043,
5043,18622
5045,120768
5045,
5047,
5047,17805
5049,12125
5049,
5051,97322
5051,
5053,
5053,18144
5055,43694
5055,
5057,
5057,22327
5059,33368
5059,
5061,13500
5061,
5063,
5063,36959
5065,
5065,13486
5067,
5067,17534
5069,
5069,72297
5071,
5071,26005
5073,
5073,7111
5075,
5075,16931
5077,
5077,9860
5079,
5079,13970
5081,12532
5081,
5083,
5083,21958
5085,
5085,71557
5087,
5087,15740
5089,16367
5089,
5091,43428
5091,
5093,
5093,44235
5095,7582
5095,
5097,
5097,9082
5099,8723
5099,
5101,
5101,7904
5103,24828
5103,
5105,10245
5105,
5107,19930
5107,
5109,
5109,11024
5111,24246
5111,
5113,
5113,20225
5115,
5115,63201
5117,8304
5117,
5119,392702
5119,
5121,
5121,17571
5123,
5123,26899
5125,
5125,115719
5127,10693
5127,
5129,
5129,7929
5131,126776
5131,
5133,17426
5133,
5135,
5135,16906
5137,12494
5137,
5139,
5139,40227
5141,
5141,16851
5143,220792
5143,
5145,
5145,78592
5147,
5147,6910
5149,
5149,21951
6000,
6001,1610921
6001,
6003,
6003,1116
6005,
6005,36742
6007,
6007,224241
6009,
6009,44624
6011,
6011,21419
6013,
6013,1111339
6015,27212
6015,
6017,183087
6017,
6019,
6019,965974
6021,
6021,27955
6023,
6023,134809
6025,179091
6025,
6027,18410
6027,
6029,
6029,874589
6031,
6031,150269
6033,
6033,64184
6035,31749
6035,
6037,
6037,10116705
6039,154548
6039,
6041,260750
6041,
6043,17682
6043,
6045,87869
6045,
6047,266353
6047,
6049,
6049,9023
6051,13997
6051,
6053,
6053,431344
6055,141667
6055,
6057,98893
6057,
6059,
6059,3145515
6061,371694
6061,
6063,
6063,18606
6065,2329271
6065,
6067,
6067,1482026
6069,58267
6069,
6071,2112619
6071,
6073,3263431
6073,
6075,
6075,852469
6077,
6077,715597
6079,279083
6079,
6081,758581
6081,
6083,
6083,440668
6085,1894605
6085,
6087,
6087,271804
6089,
6089,179804
6091,3003
6091,
6093,
6093,43628
6095,431131
6095,
6097,500292
6097,
6099,
6099,531997
6101,
6101,95847
6103,63067
6103,
6105,
6105,13170
6107,
6107,458198
6109,
6109,53831
6111,
6111,846178
6113,
6113,207590
6115,
6115,73966
8000,
8001,
8001,480718
8003,16177
8003,
8005,
8005,618821
8007,
8007,12244
8009,
8009,3645
8011,5630
8011,
8013,
8013,313333
8014,
8014,62138
8015,
8015,18363
8017,
8017,1871
8019,9187
8019,
8021,
8021,8265
8023,3568
8023,
8025,5360
8025,
8027,
8027,4361
8029,29870
8029,
8031,
8031,663862
8033,1978
8033,
8035,314638
8035,
8037,52921
8037,
8039,24195
8039,
8041,
8041,663519
8043,46502
8043,
8045,
8045,57461
8047,
8047,5851
8049,
8049,14546
8051,15725
8051,
8053,
8053,786
8055,6462
8055,
8057,1396
8057,
8059,
8059,558503
8061,
8061,1402
8063,
8063,8072
8065,
8065,7357
8067,
8067,53989
8069,
8069,324122
8071,
8071,14052
8073,
8073,5510
8075,22524
8075,
8077,
8077,148255
8079,
8079,698
8081,12928
8081,
8083,
8083,25772
8085,40873
8085,
8087,28328
8087,
8089,18488
8089,
8091,
8091,4629
8093,
8093,16345
8095,
8095,4363
8097,
8097,17626
8099,
8099,12034
8101,161875
8101,
8103,
8103,6707
8105,
8105,11607
8107,23865
8107,
8109,
8109,6196
8111,
8111,720
8113,7840
8113,
8115,2348
8115,
8117,
8117,29404
8119,
8119,23389
8121,
8121,4780
8123,
8123,277670
8125,
8125,10202
9000,
9001,945438
9001,
9003,
9003,897985
9005,
9005,184993
9007,
9007,164943
9009,861277
9009,
9011,273676
9011,
9013,151367
9013,
9015,
9015,116998
10000,
10001,
10001,171987
10003,552778
10003,
10005,
10005,210849
11000,
11001,658893
11001,
12000,
12001,256380
12001,
12003,
12003,27093
12005,178985
12005,
12007,
12007,26702
12009,
12009,556885
12011,1869235
12011,
12013,
12013,14532
12015,
12015,168474
12017,139377
12017,
12019,
12019,199798
12021,
12021,348777
12023,
12023,67857
12025,
12027,35012
12027,
12029,15907
12029,
12031,897698
12031,
12033,310659
12033,
12035,
12035,102408
12037,11815
12037,
12039,
12039,46281
12041,
12041,16997
12043,
12043,13635
12045,
12045,15944
12047,
12047,14048
12049,27469
12049,
12051,38505
12051,
12053,175855
12053,
12055,98236
12055,
12057,
12057,1316298
12059,19650
12059,
12061,
12061,144755
12063,48801
12063,
12065,
12065,14050
12067,8835
12067,
12069,
12069,315690
12071,679513
12071,
12073,283988
12073,
12075,
12075,39613
12077,8360
12077,
12079,18518
12079,
12081,
12081,351746
12083,339167
12083,
12085,
12085,153392
12086,
12086,2662874
12087,
12087,77136
12089,76619
12089,
12091,
12091,196512
12093,39149
12093,
12095,
12095,1253001
12097,
12097,310211
12099,
12099,1397710
12101,
12101,485331
12103,
12103,938098
12105,634638
12105,
12107,
12107,72143
12109,
12109,217919
12111,291028
12111,
12113,
12113,163422
12115,
12115,396962
12117,
12117,442516
12119,
12119,114350
12121,
12121,44022
12123,
12123,22582
12125,15190
12125,
12127,
12127,507531
12129,
12129,31432
12131,
12131,61530
12133,
12133,24451
13000,
13001,18540
13001,
13003,
13003,8223
13005,11281
13005,
13007,
13007,3255
13009,45909
13009,
13011,18295
13011,
13013,
13013,73240
13015,101736
13015,
13017,17464
13017,
13019,
13019,18700
13021,153905
13021,
13023,12795
13023,
13025,
13025,18417
13027,15418
13027,
13029,
13029,33906
13031,
13031,72087
13033,
13033,22709
13035,
13035,23368
13037,
13037,6463
13039,52027
13039,
13043,10888
13043,
13045,114093
13045,
13047,65621
13047,
13049,12897
13049,
13051,
13051,283379
13053,
13053,11837
13055,
13055,24939
13057,
13057,230985
13059,120938
13059,
13061,3102
13061,
13063,
13063,267542
13065,
13065,6831
13067,
13067,730981
13069,
13069,42811
13071,
13071,46102
13073,
13073,139257
13075,17214
13075,
13077,135571
13077,
13079,
13079,12387
13081,
13081,22934
13083,16389
13083,
13085,
13085,22957
13087,
13087,27220
13089,722161
13089,
13091,20976
13091,
13093,
13093,14188
13095,
13095,92407
13097,
13097,138776
13099,10491
13099,
13101,4003
13101,
13103,
13103,55423
13105,19438
13105,
13107,
13107,22755
13109,
13109,10898
13111,23753
13111,
13113,
13113,109664
13115,96063
13115,
13117,
13117,204302
13119,22264
13119,
13121,
13121,996319
13123,28829
13123,
13125,
13125,3053
13127,
13127,82175
13129,
13129,56047
13131,25359
13131,
13133,
13133,16490
13135,877922
13135,
13137,43752
13137,
13139,190761
13139,
13141,8509
13141,
13143,
13143,28641
13145,
13145,32876
13147,
13147,25377
13149,
13149,11603
13151,
13151,213869
13153,
13153,149111
13155,9104
13155,
13157,
13157,61870
13159,13432
13159,
13161,
13161,14859
13163,16272
13163,
13165,9125
13165,
13167,
13167,9701
13169,
13169,28787
13171,18207
13171,
13173,
13173,10373
13175,
13175,47851
13177,29191
13177,
13179,
13179,65198
13181,
13181,7622
13183,
13183,17113
13185,
13185,113523
13187,
13187,31176
13189,21370
13189,
13191,
13191,14214
13193,
13193,13792
13195,
13195,28312
13197,
13197,8797
13199,
13199,21198
13201,5958
13201,
13205,22771
13205,
13207,
13207,27051
13209,8991
13209,
13211,17956
13211,
13213,39410
13213,
13215,
13215,200887
13217,
13217,103675
13219,35093
13219,
13221,
13221,14673
13223,
13223,148987
13225,26922
13225,
13227,
13227,29997
13229,18991
13229,
13231,17784
13231,
13233,
13233,41133
13235,
13235,11483
13237,
13237,21192
13239,2315
13239,
13241,
13241,16243
13243,7313
13243,
13245,
13245,201368
13247,87754
13247,
13249,
13249,5163
13251,
13251,14085
13253,
13253,8686
13255,63988
13255,
13257,25480
13257,
13259,5744
13259,
13261,
13261,31232
13263,6390
13263,
13265,
13265,1693
13267,25224
13267,
13269,8442
13269,
13271,16518
13271,
13273,
13273,9132
13275,
13275,44959
13277,
13277,40704
13279,27282
13279,
13281,
13281,11098
13283,
13283,6778
13285,69469
13285,
13287,8153
13287,
13289,8320
13289,
13291,
13291,21984
13293,26256
13293,
13295,68218
13295,
13297,87615
13297,
13299,
13299,35515
13301,
13301,5520
13303,
13303,20635
13305,
13305,29949
13307,2649
13307,
13309,
13309,7995
13311,
13311,27970
13313,103542
13313,
13315,8847
13315,
13317,9940
13317,
13319,9326
13319,
13321,20940
13321,
15000,
15001,194190
15001,
15003,
15003,991788
15005,89
15005,
15007,
15007,70475
15009,163019
15009,
16000,
16001,426236
16001,
16003,
16003,3861
16005,
16005,83347
16007,5957
16007,
16009,9118
16009,
16011,
16011,45269
16013,21482
16013,
16015,6824
16015,
16017,41585
16017,
16019,
16019,108623
16021,10979
16021,
16023,
16023,2622
16025,1039
16025,
16027,203143
16027,
16029,6837
16029,
16031,23540
16031,
16033,867
16033,
16035,
16035,8562
16037,4140
16037,
16039,
16039,26094
16041,
16041,13021
16043,12867
16043,
16045,16866
16045,
16047,15064
16047,
16049,
16049,16215
16051,
16051,27021
16053,22818
16053,
16055,
16055,147326
16057,38411
16057,
16059,
16059,7726
16061,
16061,3838
16063,
16063,5316
16065,
16065,38038
16067,
16067,20323
16069,
16069,40007
16071,
16071,4184
16073,11353
16073,
16075,22836
16075,
16077,
16077,7617
16079,
16079,12390
16081,
16081,10341
16083,
16083,80914
16085,9826
16085,
16087,10021
16087,
17000,
17001,
17001,66988
17003,
17003,7492
17005,17269
17005,
17007,
17007,53869
17009,
17009,6832
17011,
17011,33840
17013,
17013,4956
17015,
17015,14715
17017,
17017,13156
17019,
17019,207133
17021,
17021,33892
17023,
17023,16180
17025,13520
17025,
17027,37857
17027,
17029,53320
17029,
17031,5246456
17031,
17033,
17033,19393
17035,10833
17035,
17037,105462
17037,
17039,16284
17039,
17041,
17041,19889
17043,932708
17043,
17045,
17045,17841
17047,
17047,6617
17049,34320
17049,
17051,
17051,21870
17053,13688
17053,
17055,39411
17055,
17057,36007
17057,
17059,
17059,5291
17061,
17061,13434
17063,
17063,50425
17065,8296
17065,
17067,
17067,18564
17069,4129
17069,
17071,
17071,6916
17073,
17073,49635
17075,
17075,28879
17077,
17077,59677
17079,9623
17079,
17081,38534
17081,
17083,
17083,22571
17085,
17085,22254
17087,
17087,12601
17089,
17089,527306
17091,111375
17091,
17093,
17093,121350
17095,
17095,52069
17097,
17097,705186
17099,111241
17099,
17101,16519
17101,
17103,
17103,34735
17105,37903
17105,
17107,
17107,29746
17109,31880
17109,
17111,
17111,307283
17113,174061
17113,
17115,
17115,108350
17117,46453
17117,
17119,266560
17119,
17121,38571
17121,
17123,12014
17123,
17125,
17125,13898
17127,
17127,14905
17129,12570
17129,
17131,
17131,15945
17133,33722
17133,
17135,29359
17135,
17137,
17137,34929
17139,14837
17139,
17141,
17141,52085
17143,
17143,187319
17145,21672
17145,
17147,16431
17147,
17149,16022
17149,
17151,4276
17151,
17153,
17153,5815
17155,5814
17155,
17157,32869
17157,
17159,
17159,16061
17161,
17161,146063
17163,
17163,265729
17165,
17165,24612
17167,
17167,198997
17169,
17169,7330
17171,5204
17171,
17173,22048
17173,
17175,5813
17175,
17177,46435
17177,
17179,
17179,135707
17181,
17181,17447
17183,79728
17183,
17185,11549
17185,
17187,
17187,17874
17189,14337
17189,
17191,16543
17191,
17193,
17193,14374
17195,
17195,56876
17197,
17197,685419
17199,
17199,67008
17201,288542
17201,
17203,
17203,39187
18000,
18001,34791
18001,
18003,
18003,365918
18005,
18005,80217
18007,
18007,8700
18009,
18009,12401
18011,
18011,61915
18013,
18013,14962
18015,19923
18015,
18017,
18017,38438
18019,
18019,114262
18021,
18021,26562
18023,32776
18023,
18025,
18025,10655
18027,32729
18027,
18029,
18029,49506
18031,26524
18031,
18033,
18033,42383
18035,
18035,117074
18037,
18037,42345
18039,
18039,201971
18041,23468
18041,
18043,
18043,76179
18045,
18045,16658
18047,22934
18047,
18049,20500
18049,
18051,
18051,33759
18053,68569
18053,
18055,
18055,32726
18057,
18057,302623
18059,71978
18059,
18061,39299
18061,
18063,
18063,156056
18065,
18065,48995
18067,82982
18067,
18069,
18069,36706
18071,43705
18071,
18073,
18073,33475
18075,21179
18075,
18077,32494
18077,
18079,
18079,28000
18081,147538
18081,
18083,
18083,37938
18085,
18085,78564
18087,38436
18087,
18089,
18089,490228
18091,111444
18091,
18093,
18093,45704
18095,130069
18095,
18097,
18097,934243
18099,
18099,47107
18101,
18101,10203
18103,
18103,35954
18105,143339
18105,
18107,38146
18107,
18109,69693
18109,
18111,14156
18111,
18113,47618
18113,
18115,
18115,6035
18117,
18117,19626
18119,20969
18119,
18121,17233
18121,
18123,19454
18123,
18125,
18125,12624
18127,
18127,167076
18129,25540
18129,
18131,
18131,12967
18133,
18133,37618
18135,25384
18135,
18137,
18137,28497
18139,16892
18139,
18141,
18141,267618
18143,23712
18143,
18145,
18145,44579
18147,20801
18147,
18149,23074
18149,
18151,34308
18151,
18153,21050
18153,
18155,10452
18155,
18157,183074
18157,
18159,
18159,15415
18161,7246
18161,
18163,182006
18163,
18165,
18165,15693
18167,108175
18167,
18169,
18169,32252
18171,
18171,8352
18173,
18173,61149
18175,27878
18175,
18177,
18177,67671
18179,27862
18179,
18181,
18181,24453
18183,
18183,33403
19000,
19001,7454
19001,
19003,3875
19003,
19005,14038
19005,
19007,
19007,12661
19009,
19009,5794
19011,
19011,25680
19013,132897
19013,
19015,26433
19015,
19017,
19017,24721
19019,
19019,21038
19021,20578
19021,
19023,15006
19023,
19025,9866
19025,
19027,20562
19027,
19029,
19029,13448
19031,18411
19031,
19033,
19033,43254
19035,
19035,11836
19037,12264
19037,
19039,
19039,9217
19041,
19041,16515
19043,17692
19043,
19045,48051
19045,
19047,17228
19047,
19049,77400
19049,
19051,
19051,8781
19053,
19053,8263
19055,17398
19055,
19057,40255
19057,
19059,
19059,16935
19061,96370
19061,
19063,
19063,9990
19065,
19065,20343
19067,
19067,16077
19069,10436
19069,
19071,7022
19071,
19073,
19073,9200
19075,12375
19075,
19077,
19077,10722
19079,
19079,15117
19081,
19081,11027
19083,
19083,17311
19085,
19085,14324
19087,
19087,20217
19089,
19089,9449
19091,
19091,9640
19093,
19093,7042
19095,
19095,16375
19097,
19097,19482
19099,
19099,36872
19101,
19101,17325
19103,142287
19103,
19105,20454
19105,
19107,
19107,10231
19109,
19109,15222
19111,35286
19111,
19113,
19113,217751
19115,11161
19115,
19117,
19117,8701
19119,
19119,11683
19121,
19121,15609
19123,
19123,22370
19125,
19125,33365
19127,40866
19127,
19129,14831
19129,
19131,
19131,10779
19133,8996
19133,
19135,
19135,8001
19137,10421
19137,
19139,
19139,42903
19141,
19141,14056
19143,
19143,6218
19145,
19145,15496
19147,
19147,9099
19149,
19149,24874
19151,
19151,7138
19153,
19153,459862
19155,
19155,93128
19157,
19157,18668
19159,
19159,5051
19161,10035
19161,
19163,
19163,171387
19165,11948
19165,
19167,
19167,34681
19169,
19169,94073
19171,17451
19171,
19173,
19173,6143
19175,
19175,12516
19177,
19177,7468
19179,
19179,35212
19181,47956
19181,
19183,22070
19183,
19185,
19185,6395
19187,36955
19187,
19189,10559
19189,
19191,
19191,20768
19193,102271
19193,
19195,7624
19195,
19197,12840
19197,
20000,
20001,
20001,12909
20003,
20003,7883
20005,
20005,16513
20007,4897
20007,
20009,27385
20009,
20011,14772
20011,
20013,
20013,9815
20015,66227
20015,
20017,2692
20017,
20019,
20019,3481
20021,
20021,20787
20023,2693
20023,
20025,
20025,2144
20027,8317
20027,
20029,
20029,9385
20031,8433
20031,
20033,
20033,1954
20035,
20035,35963
20037,
20037,39290
20039,2908
20039,
20041,
20041,19394
20043,
20043,7874
20045,
20045,116585
20047,
20047,3030
20049,
20049,2694
20051,29013
20051,
20053,
20053,6392
20055,
20055,37184
20057,34795
20057,
20059,25611
20059,
20061,
20061,36713
20063,2727
20063,
20065,2566
20065,
20067,7816
20067,
20069,6082
20069,
20071,1301
20071,
20073,6328
20073,
20075,2603
20075,
20077,
20077,5818
20079,
20079,34820
20081,
20081,4106
20083,
20083,1916
20085,13539
20085,
20087,
20087,18855
20089,
20089,3043
20091,
20091,574272
20093,3915
20093,
20095,7698
20095,
20097,2513
20097,
20099,
20099,20960
20101,
20101,1687
20103,
20103,78797
20105,3167
20105,
20107,
20107,9502
20109,
20109,2794
20111,
20111,33212
20113,
20113,29241
20115,
20115,12208
20117,10006
20117,
20119,4357
20119,
20121,32822
20121,
20123,
20123,6284
20125,34065
20125,
20127,5698
20127,
20129,
20129,3110
20131,
20131,10148
20133,
20133,16416
20135,3105
20135,
20137,5560
20137,
20139,
20139,15936
20141,
20141,3756
20143,6065
20143,
20145,6916
20145,
20147,5533
20147,
20149,
20149,22897
20151,
20151,9850
20153,
20153,2584
20155,
20155,63794
20157,
20157,4803
20159,
20159,10015
20161,75194
20161,
20163,
20163,5155
20165,3197
20165,
20167,6956
20167,
20169,55755
20169,
20171,
20171,5080
20173,508803
20173,
20175,
20175,23465
20177,
20177,178406
20179,
20179,2539
20181,
20181,6110
20183,
20183,3769
20185,4297
20185,
20187,
20187,2111
20189,
20189,5801
20191,
20191,23528
20193,
20193,7891
20195,
20195,2902
20197,7022
20197,
20199,
20199,1506
20201,
20201,5598
20203,
20203,2176
20205,
20205,9028
20207,
20207,3157
20209,161636
20209,
21000,
21001,19204
21001,
21003,20384
21003,
21005,21888
21005,
21007,8240
21007,
21009,
21009,43148
21011,
21011,12206
21013,27778
21013,
21015,126413
21015,
21017,
21017,19972
21019,48832
21019,
21021,
21021,29706
21023,
21023,8406
21025,13409
21025,
21027,
21027,19888
21029,
21029,77955
21031,
21031,12875
21033,12725
21033,
21035,38282
21035,
21037,91833
21037,
21039,4978
21039,
21041,
21041,10815
21043,27223
21043,
21045,
21045,15891
21047,74250
21047,
21049,
21049,35758
21051,21147
21051,
21053,
21053,10165
21055,9224
21055,
21057,6745
21057,
21059,
21059,98275
21061,12013
21061,
21063,7672
21063,
21065,
21065,14447
21067,
21067,310797
21069,
21069,14545
21071,38108
21071,
21073,
21073,49880
21075,6265
21075,
21077,8589
21077,
21079,
21079,16858
21081,24875
21081,
21083,
21083,37618
21085,
21085,26194
21087,
21087,11043
21089,
21089,36308
21091,
21091,8753
21093,108266
21093,
21095,
21095,28163
21097,
21097,18592
21099,
21099,18597
21101,46467
21101,
21103,15572
21103,
21105,
21105,4734
21107,46376
21107,
21109,
21109,13289
21111,760026
21111,
21113,50815
21113,
21115,
21115,23262
21117,
21117,163929
21119,15892
21119,
21121,31798
21121,
21123,
21123,14180
21125,60015
21125,
21127,15804
21127,
21129,7594
21129,
21131,
21131,10918
21133,
21133,23359
21135,
21135,13880
21137,24445
21137,
21139,9359
21139,
21141,26867
21141,
21143,
21143,8430
21145,
21145,65316
21147,17863
21147,
21149,
21149,9478
21151,
21151,87340
21153,12913
21153,
21155,20007
21155,
21157,
21157,30953
21159,
21159,12537
21161,17166
21161,
21163,
21163,29139
21165,6287
21165,
21167,21319
21167,
21169,9990
21169,
21171,
21171,10704
21173,
21173,27474
21175,
21175,13303
21177,
21177,31207
21179,44812
21179,
21181,7041
21181,
21183,23977
21183,
21185,63490
21185,
21187,
21187,10645
21189,
21189,4508
21191,14493
21191,
21193,27597
21193,
21195,
21195,63034
21197,12434
21197,
21199,
21199,63825
21201,
21201,2197
21203,
21203,16826
21205,
21205,23655
21207,
21207,17774
21209,51284
21209,
21211,
21211,44875
21213,
21213,17826
21215,17668
21215,
21217,
21217,25257
21219,12520
21219,
21221,14142
21221,
21223,
21223,8786
21225,
21225,15165
21227,120460
21227,
21229,11959
21229,
21231,
21231,20486
21233,13236
21233,
21235,
21235,35503
21237,7214
21237,
21239,
21239,25563
22000,
22001,
22001,62486
22003,
22003,25713
22005,117029
22005,
22007,23034
22007,
22009,
22009,41145
22011,36198
22011,
22013,
22013,13885
22015,
22015,125064
22017,252603
22017,
22019,197204
22019,
22021,
22021,9894
22023,6679
22023,
22025,10151
22025,
22027,
22027,16412
22029,
22029,20466
22031,
22031,27142
22033,
22033,446042
22035,7487
22035,
22037,19813
22037,
22039,
22039,33700
22041,20441
22041,
22043,22384
22043,
22045,73913
22045,
22047,
22047,33327
22049,15994
22049,
22051,435716
22051,
22053,
22053,31477
22055,235644
22055,
22057,
22057,98020
22059,
22059,14839
22061,
22061,47617
22063,
22063,135751
22065,
22065,11843
22067,26760
22067,
22069,39166
22069,
22071,
22071,384320
22073,156325
22073,
22075,
22075,23447
22077,22406
22077,
22079,
22079,132488
22081,
22081,8669
22083,
22083,20740
22085,
22085,24199
22087,
22087,44409
22089,
22089,52745
22091,
22091,10619
22093,
22093,21638
22095,43745
22095,
22097,83709
22097,
22099,53315
22099,
22101,
22101,53162
22103,
22103,245829
22105,127049
22105,
22107,
22107,4830
22109,113328
22109,
22111,22539
22111,
22113,59616
22113,
22115,52132
22115,
22117,
22117,46286
22119,
22119,40333
22121,
22121,25085
22123,11525
22123,
22125,
22125,15406
22127,
22127,14743
23000,
23001,107440
23001,
23003,69447
23003,
23005,
23005,287797
23007,
23007,30296
23009,
23009,54696
23011,121112
23011,
23013,39676
23013,
23015,
23015,34170
23017,
23017,57238
23019,153414
23019,
23021,17026
23021,
23023,
23023,35045
23025,
23025,51163
23027,39051
23027,
23029,
23029,31808
23031,200710
23031,
24000,
24001,72952
24001,
24003,
24003,560133
24005,826925
24005,
24009,
24009,90613
24011,
24011,32538
24013,167830
24013,
24015,102383
24015,
24017,154747
24017,
24019,
24019,32578
24021,243675
24021,
24023,
24023,29679
24025,
24025,250105
24027,
24027,309284
24029,
24029,19820
24031,1030447
24031,
24033,904430
24033,
24035,
24035,48804
24037,
24037,110382
24039,25859
24039,
24041,
24041,37643
24043,
24043,149573
24045,
24045,101539
24047,51675
24047,
24510,622793
24510,
25000,
25001,214914
25001,
25003,
25003,128715
25005,554194
25005,
25007,
25007,17356
25009,
25009,769091
25011,
25011,70862
25013,468161
25013,
25015,160939
25015,
25017,1570315
25017,
25019,10856
25019,
25021,
25021,692254
25023,
25023,507022
25025,
25025,767254
25027,813475
25027,
26000,
26001,
26001,10454
26003,
26003,9459
26005,
26005,113847
26007,
26007,28988
26009,23267
26009,
26011,
26011,15353
26013,
26013,8654
26015,59281
26015,
26017,106179
26017,
26019,17519
26019,
26021,
26021,155233
26023,43545
26023,
26025,
26025,134878
26027,
26027,51608
26029,26121
26029,
26031,25675
26031,
26033,
26033,38321
26035,
26035,30652
26037,77297
26037,
26039,13745
26039,
26041,36559
26041,
26043,
26043,25957
26045,
26045,108579
26047,33204
26047,
26049,412895
26049,
26051,25411
26051,
26053,15737
26053,
26055,
26055,90782
26057,41665
26057,
26059,45830
26059,
26061,
26061,36495
26063,32065
26063,
26065,
26065,284582
26067,
26067,64294
26069,
26069,25420
26071,11387
26071,
26073,
26073,70616
26075,159741
26075,
26077,
26077,258818
26079,
26079,17394
26081,629237
26081,
26083,
26083,2217
26085,11341
26085,
26087,88153
26087,
26089,
26089,21915
26091,99047
26091,
26093,185596
26093,
26095,6426
26095,
26097,
26097,11042
26099,860112
26099,
26101,24420
26101,
26103,67676
26103,
26105,
26105,28824
26107,
26107,43186
26109,23714
26109,
26111,
26111,83427
26113,15037
26113,
26115,149824
26115,
26117,
26117,62893
26119,
26119,9300
26121,172344
26121,
26123,47900
26123,
26125,1237868
26125,
26127,
26127,26221
26129,21039
26129,
26131,
26131,6172
26133,23169
26133,
26135,8371
26135,
26137,24158
26137,
26139,
26139,276292
26141,
26141,13004
26143,23955
26143,
26145,
26145,195012
26147,
26147,160078
26149,60946
26149,
26151,
26151,41587
26153,8171
26153,
26155,
26155,68933
26157,54000
26157,
26159,
26159,75199
26161,356874
26161,
26163,
26163,1764804
26165,32886
26165,
27000,
27001,
27001,15771
27003,
27003,341864
27005,
27005,33259
27007,45664
27007,
27009,39506
27009,
27011,
27011,5127
27013,65385
27013,
27015,
27015,25292
27017,
27017,35571
27019,
27019,97338
27021,
27021,28559
27023,12110
27023,
27025,
27025,54025
27027,
27027,61286
27029,8791
27029,
27031,5233
27031,
27033,
27033,11633
27035,
27035,63265
27037,412529
27037,
27039,20353
27039,
27041,
27041,36790
27043,
27043,14192
27045,
27045,20776
27047,
27047,30840
27049,46423
27049,
27051,5956
27051,
27053,1212064
27053,
27055,18738
27055,
27057,20573
27057,
27059,
27059,38413
27061,
27061,45589
27063,10269
27063,
27065,
27065,15930
27067,
27067,42285
27069,4435
27069,
27071,
27071,12856
27073,
27073,6891
27075,
27075,10680
27077,3918
27077,
27079,27770
27079,
27081,
27081,5788
27083,25665
27083,
27085,
27085,35882
27087,
27087,5505
27089,
27089,9417
27091,
27091,20220
27093,23107
27093,
27095,25884
27095,
27097,
27097,32810
27099,
27099,39323
27101,8470
27101,
27103,
27103,33093
27105,21590
27105,
27107,
27107,6639
27109,
27109,150287
27111,
27111,57635
27113,
27113,14058
27115,29095
27115,
27117,9281
27117,
27119,
27119,31704
27121,10984
27121,
27123,532655
27123,
27125,4043
27125,
27127,15515
27127,
27129,15025
27129,
27131,65151
27131,
27133,9553
27133,
27135,
27135,15679
27137,
27137,200949
27139,139672
27139,
27141,
27141,91126
27143,14918
27143,
27145,152912
27145,
27147,
27147,36573
27149,
27149,9800
27151,
27151,9436
27153,24264
27153,
27155,
27155,3387
27157,21362
27157,
27159,13757
27159,
27161,19025
27161,
27163,
27163,249283
27165,
27165,11083
27167,
27167,6495
27169,
27169,51097
27171,
27171,129918
27173,
27173,10109
28000,
28001,
28001,31737
28003,37380
28003,
28005,12629
28005,
28007,19163
28007,
28009,8296
28009,
28011,
28011,33768
28013,14745
28013,
28015,
28015,10254
28017,
28017,17313
28019,8294
28019,
28021,9080
28021,
28023,16299
28023,
28025,20225
28025,
28027,24807
28027,
28029,28797
28029,
28031,19442
28031,
28033,170913
28033,
28035,
28035,76330
28037,7833
28037,
28039,
28039,23303
28041,14326
28041,
28043,
28043,21666
28045,45949
28045,
28047,
28047,199058
28049,
28049,243729
28051,18459
28051,
28053,
28053,8741
28055,
28055,1397
28057,23527
28057,
28059,141137
28059,
28061,16601
28061,
28063,7599
28063,
28065,
28065,11822
28067,68290
28067,
28069,10163
28069,
28071,52930
28071,
28073,
28073,60099
28075,
28075,79739
28077,
28077,12502
28079,23193
28079,
28081,85246
28081,
28083,
28083,31422
28085,
28085,34775
28087,
28087,59730
28089,
28089,101688
28091,
28091,25868
28093,36234
28093,
28095,36003
28095,
28097,10400
28097,
28099,
28099,29465
28101,21832
28101,
28103,11115
28103,
28105,49414
28105,
28107,
28107,34444
28109,55224
28109,
28111,
28111,12227
28113,
28113,40058
28115,
28115,30950
28117,
28117,25428
28119,7678
28119,
28121,
28121,148070
28123,
28123,28461
28125,
28125,4647
28127,27463
28127,
28129,
28129,16188
28131,
28131,17875
28133,
28133,27496
28135,14761
28135,
28137,
28137,28204
28139,22039
28139,
28141,19420
28141,
28143,
28143,10598
28145,28097
28145,
28147,
28147,14859
28149,
28149,47983
28151,
28151,48958
28153,
28153,20490
28155,
28155,9972
28157,
28157,9191
28159,18478
28159,
28161,
28161,12276
28163,
28163,27817
29000,
29001,25602
29001,
29003,
29003,17379
29005,
29005,5382
29007,25887
29007,
29009,
29009,35662
29011,12057
29011,
29013,
29013,16584
29015,
29015,18806
29017,
29017,12394
29019,
29019,172717
29021,89486
29021,
29023,42972
29023,
29025,
29025,9034
29027,44750
29027,
29029,44021
29029,
29031,
29031,78043
29033,
29033,9043
29035,
29035,6258
29037,
29037,100889
29039,
29039,13952
29041,
29041,7694
29043,
29043,82101
29045,6917
29045,
29047,
29047,233682
29049,
29049,20299
29051,76557
29051,
29053,17585
29053,
29055,24650
29055,
29057,7628
29057,
29059,16389
29059,
29061,8297
29061,
29063,
29063,12692
29065,
29065,15655
29067,
29067,13546
29069,31344
29069,
29071,
29071,102084
29073,14866
29073,
29075,6826
29075,
29077,
29077,285865
29079,10197
29079,
29081,
29081,8639
29083,
29083,22028
29085,
29085,9219
29087,
29087,4516
29089,
29089,10159
29091,
29091,40173
29093,10267
29093,
29095,683191
29095,
29097,117543
29097,
29099,222716
29099,
29101,54362
29101,
29103,4000
29103,
29105,35439
29105,
29107,32688
29107,
29109,
29109,38023
29111,10138
29111,
29113,
29113,54249
29115,
29115,12311
29117,
29117,15053
29119,
29119,22800
29121,
29121,15479
29123,12368
29123,
29125,
29125,9013
29127,28920
29127,
29129,3719
29129,
29131,
29131,25141
29133,14232
29133,
29135,
29135,15856
29137,
29137,8707
29139,11841
29139,
29141,
29141,20240
29143,
29143,18272
29145,
29145,58598
29147,23081
29147,
29149,
29149,10911
29151,
29151,13703
29153,9492
29153,
29155,
29155,17650
29157,
29157,19202
29159,42225
29159,
29161,
29161,44847
29163,18541
29163,
29165,94788
29165,
29167,31054
29167,
29169,
29169,53436
29171,4829
29171,
29173,
29173,10255
29175,
29175,25072
29177,
29177,22949
29179,
29179,6565
29181,13969
29181,
29183,379493
29183,
29185,9457
29185,
29186,
29186,17914
29187,65960
29187,
29189,
29189,1001876
29195,
29195,23347
29197,
29197,4370
29199,
29199,4863
29201,
29201,38903
29203,
29203,8329
29205,
29205,6108
29207,29867
29207,
29209,
29209,31104
29211,6411
29211,
29213,54230
29213,
29215,25642
29215,
29217,21001
29217,
29219,
29219,33253
29221,25077
29221,
29223,
29223,13452
29225,36888
29225,
29227,2073
29227,
29229,18291
29229,
29510,
29510,317419
30000,
30001,9345
30001,
30003,13282
30003,
30005,
30005,6619
30007,
30007,5667
30009,
30009,10399
30011,1169
30011,
30013,
30013,82344
30015,5894
30015,
30017,
30017,12092
30019,
30019,1793
30021,
30021,9518
30023,
30023,9150
30025,
30025,3108
30027,
30027,11442
30029,94924
30029,
30031,97308
30031,
30033,
30033,1309
30035,13696
30035,
30037,
30037,852
30039,
30039,3209
30041,16596
30041,
30043,
30043,11558
30045,1991
30045,
30047,29099
30047,
30049,
30049,65856
30051,
30051,2359
30053,
30053,19125
30055,1694
30055,
30057,
30057,7820
30059,
30059,1853
30061,
30061,4257
30063,112684
30063,
30065,
30065,4589
30067,15880
30067,
30069,
30069,485
30071,4192
30071,
30073,
30073,6219
30075,
30075,1783
30077,6909
30077,
30079,
30079,1148
30081,
30081,41030
30083,
30083,11576
30085,
30085,11332
30087,
30087,9326
30089,11364
30089,
30091,3696
30091,
30093,34680
30093,
30095,9290
30095,
30097,3665
30097,
30099,6064
30099,
30101,
30101,5150
30103,
30103,692
30105,
30105,7640
30107,
30107,2102
30109,1121
30109,
30111,155634
30111,
30113,
31000,
31001,
31001,31457
31003,
31003,6398
31005,
31005,453
31007,
31007,764
31009,504
31009,
31011,5353
31011,
31013,
31013,11340
31015,2033
31015,
31017,
31017,2941
31019,48224
31019,
31021,
31021,6573
31023,8249
31023,
31025,
31025,25524
31027,8610
31027,
31029,3978
31029,
31031,5762
31031,
31033,
31033,10148
31035,
31035,6315
31037,10504
31037,
31039,9027
31039,
31041,
31041,10728
31043,
31043,20850
31045,9042
31045,
31047,
31047,24096
31049,1940
31049,
31051,
31051,5782
31053,36744
31053,
31055,543244
31055,
31057,
31057,1886
31059,
31059,5661
31061,3076
31061,
31063,
31063,2705
31065,4888
31065,
31067,21663
31067,
31069,
31069,1911
31071,
31071,2003
31073,
31073,1970
31075,
31075,619
31077,2482
31077,
31079,61492
31079,
31081,
31081,9135
31083,3492
31083,
31085,933
31085,
31087,
31087,2901
31089,10403
31089,
31091,728
31091,
31093,
31093,6362
31095,
31095,7335
31097,
31097,5185
31099,6644
31099,
31101,
31101,8121
31103,
31103,810
31105,
31105,3713
31107,
31107,8482
31109,301795
31109,
31111,35815
31111,
31113,
31113,750
31115,588
31115,
31117,
31117,498
31119,
31119,35174
31121,7766
31121,
31123,
31123,4862
31125,
31125,3570
31127,7175
31127,
31129,4369
31129,
31131,15797
31131,
31133,
31133,2702
31135,
31135,2891
31137,
31137,9187
31139,
31139,7202
31141,32666
31141,
31143,
31143,5271
31145,
31145,10867
31147,
31147,8128
31149,
31149,1443
31151,
31151,14252
31153,172193
31153,
31155,
31155,20919
31157,
31157,36465
31159,
31159,17150
31161,5259
31161,
31163,3074
31163,
31165,
31165,1303
31167,
31167,6069
31169,
31169,5230
31171,
31171,687
31173,
31173,6969
31175,4204
31175,
31177,20258
31177,
31179,
31179,9431
31181,3658
31181,
31183,
31183,766
31185,
31185,13917
32000,
32001,
32001,23989
32003,
32003,2069681
32005,47536
32005,
32007,
32007,52766
32009,
32009,822
32011,
32011,2018
32013,17279
32013,
32015,
32015,6009
32017,
32017,5184
32019,51789
32019,
32021,
32021,4500
32023,
32023,42282
32027,6698
32027,
32029,
32029,3912
32031,440078
32031,
32033,10034
32033,
32510,54522
32510,
33000,
33001,60305
33001,
33003,
33003,47399
33005,
33005,76115
33007,31653
33007,
33009,
33009,89658
33011,
33011,405184
33013,
33013,147171
33015,
33015,300621
33017,125604
33017,
33019,
33019,43103
34000,
34001,
34001,275209
34003,933572
34003,
34005,
34005,449722
34007,
34007,511038
34009,95344
34009,
34011,
34011,157389
34013,
34013,795723
34015,
34015,290951
34017,
34017,669115
34019,126067
34019,
34021,
34021,371537
34023,836297
34023,
34025,
34025,629279
34027,499727
34027,
34029,586301
34029,
34031,508856
34031,
34033,
34033,64715
34035,
34035,332568
34037,
34037,144909
34039,552939
34039,
34041,106917
34041,
35000,
35001,
35001,675551
35003,3556
35003,
35005,
35005,65878
35006,27349
35006,
35007,
35007,12680
35009,
35009,50969
35011,
35011,1825
35013,
35013,213676
35015,
35015,56395
35017,
35017,29096
35019,
35019,4468
35021,
35021,683
35023,
35023,4560
35025,
35025,69999
35027,19706
35027,
35028,
35028,17682
35029,24673
35029,
35031,
35031,74098
35033,4592
35033,
35035,
35035,65082
35037,8501
35037,
35039,
35039,39777
35041,
35041,19536
35043,
35043,137608
35045,
35045,123785
35047,
35047,28239
35049,148164
35049,
35051,
35051,11325
35053,17310
35053,
35055,33084
35055,
35057,15611
35057,
35059,
35059,4297
35061,
35061,75817
36000,
36001,308171
36001,
36003,47736
36003,
36005,1438159
36005,
36007,197349
36007,
36009,78600
36009,
36011,
36011,78823
36013,
36013,132053
36015,
36015,87770
36017,49426
36017,
36019,81632
36019,
36021,
36021,62122
36023,49024
36023,
36025,
36025,46581
36027,296579
36027,
36029,922835
36029,
36031,
36031,38679
36033,51262
36033,
36035,
36035,54105
36037,59162
36037,
36039,
36039,47967
36041,
36041,4715
36043,63744
36043,
36045,119103
36045,
36047,2621793
36047,
36049,27220
36049,
36051,
36051,64586
36053,
36053,72369
36055,
36055,749857
36057,
36057,49779
36059,
36059,1358627
36061,
36061,1636268
36063,
36063,213525
36065,
36065,232871
36067,
36067,468196
36069,
36069,109707
36071,
36071,376099
36073,
36073,41984
36075,120913
36075,
36077,
36077,61128
36079,
36079,99487
36081,
36081,2321580
36083,159774
36083,
36085,
36085,473279
36087,323866
36087,
36089,
36089,111400
36091,
36091,224921
36093,155735
36093,
36095,
36095,31566
36097,18479
36097,
36099,
36099,34884
36101,98394
36101,
36103,
36103,1502968
36105,75943
36105,
36107,49870
36107,
36109,
36109,104691
36111,180445
36111,
36113,64973
36113,
36115,62372
36115,
36117,92051
36117,
36119,
36119,972634
36121,41188
36121,
36123,25208
36123,
37000,
37001,
37001,155792
37003,
37003,37392
37005,
37005,10879
37007,
37007,25765
37009,
37009,27126
37011,
37011,17773
37013,47585
37013,
37015,20106
37015,
37017,
37017,34657
37019,118836
37019,
37021,
37021,250539
37023,
37023,89486
37025,
37025,192103
37027,
37027,81484
37029,10331
37029,
37031,
37031,68811
37033,23082
37033,
37035,154534
37035,
37037,
37037,68698
37039,
37039,27141
37041,14572
37041,
37043,10581
37043,
37045,97076
37045,
37047,56953
37047,
37049,
37049,104510
37051,326328
37051,
37053,24976
37053,
37055,
37055,35104
37057,
37057,164072
37059,
37059,41434
37061,
37061,59882
37063,
37063,294460
37065,54933
37065,
37067,365298
37067,
37069,62860
37069,
37071,
37071,211127
37073,
37073,11567
37075,
37075,8644
37077,
37077,58500
37079,
37079,21093
37081,
37081,512119
37083,52970
37083,
37085,
37085,126666
37087,
37087,59471
37089,
37089,111149
37091,
37091,24308
37093,
37093,51611
37095,
37095,5676
37097,
37097,166675
37099,
37099,40981
37101,
37101,181423
37103,
37103,10076
37105,59662
37105,
37107,58485
37107,
37109,79829
37109,
37111,44965
37111,
37113,33875
37113,
37115,
37115,21157
37117,23454
37117,
37119,1012539
37119,
37121,15311
37121,
37123,
37123,27395
37125,
37125,93077
37127,
37127,94357
37129,216298
37129,
37131,20463
37131,
37133,
37133,187589
37135,140420
37135,
37137,12948
37137,
37139,39787
37139,
37141,56250
37141,
37143,
37143,13466
37145,39132
37145,
37147,175354
37147,
37149,
37149,20357
37151,142778
37151,
37153,45733
37153,
37155,134760
37155,
37157,91696
37157,
37159,138630
37159,
37161,
37161,66600
37163,
37163,64050
37165,35576
37165,
37167,
37167,60600
37169,
37169,46419
37171,72968
37171,
37173,
37173,14274
37175,
37175,33045
37177,4115
37177,
37179,218568
37179,
37181,
37181,44614
37183,
37183,998691
37185,
37185,20231
37187,
37187,12570
37189,
37189,52560
37191,124456
37191,
37193,68838
37193,
37195,
37195,81401
37197,
37197,37792
37199,
37199,17614
38000,
38001,
38001,2384
38003,11144
38003,
38005,
38005,6833
38007,
38007,901
38009,6650
38009,
38011,3247
38011,
38013,
38013,2245
38015,90503
38015,
38017,167005
38017,
38019,
38019,3855
38021,
38021,5150
38023,2432
38023,
38025,4399
38025,
38027,2377
38027,
38029,
38029,3422
38031,
38031,3362
38033,
38033,1825
38035,
38035,70138
38037,
38037,2361
38039,2319
38039,
38041,2660
38041,
38043,2424
38043,
38045,4149
38045,
38047,
38047,1944
38049,
38049,5988
38051,
38051,2801
38053,
38053,10996
38055,9578
38055,
38057,
38057,8746
38059,
38059,29822
38061,
38061,9782
38063,3045
38063,
38065,1850
38065,
38067,7128
38067,
38069,
38069,4404
38071,11564
38071,
38073,5446
38073,
38075,
38075,2587
38077,
38077,16432
38079,14616
38079,
38081,
38081,3931
38083,1326
38083,
38085,
38085,4422
38087,
38087,765
38089,30372
38089,
38091,
38091,1955
38093,
38093,21129
38095,
38095,2310
38097,
38097,8082
38099,
38099,10970
38101,
38101,69384
38103,
38103,4192
38105,
38105,32130
39000,
39001,
39001,28129
39003,
39003,105040
39005,
39005,53035
39007,
39007,99175
39009,64713
39009,
39011,45841
39011,
39013,
39013,69461
39015,
39015,44116
39017,
39017,374158
39019,28187
39019,
39021,
39021,39128
39023,
39023,136554
39025,201560
39025,
39027,
39027,41835
39029,
39029,105686
39031,36516
39031,
39033,
39033,42480
39035,
39035,1259828
39037,
39037,52196
39039,
39039,38510
39041,
39041,189113
39043,
39043,75828
39045,
39045,150381
39047,
39047,28800
39049,
39049,1231393
39051,
39051,42580
39053,
39053,30397
39055,
39055,94295
39057,
39057,163820
39059,39590
39059,
39061,806631
39061,
39063,75337
39063,
39065,31796
39065,
39067,
39067,15543
39069,27937
39069,
39071,
39071,43045
39073,
39073,28725
39075,
39075,43898
39077,
39077,58714
39079,32748
39079,
39081,67694
39081,
39083,61167
39083,
39085,
39085,229230
39087,
39087,61623
39089,
39089,169390
39091,
39091,45507
39093,
39093,304216
39095,435286
39095,
39097,
39097,43918
39099,
39099,233204
39101,
39101,65720
39103,176029
39103,
39105,23331
39105,
39107,40831
39107,
39109,103900
39109,
39111,
39111,14465
39113,
39113,533116
39115,14843
39115,
39117,35152
39117,
39119,
39119,85818
39121,
39121,14363
39123,
39123,41154
39125,
39125,18989
39127,
39127,35812
39129,
39129,56876
39131,28256
39131,
39133,
39133,161882
39135,
39135,41586
39137,
39137,34171
39139,
39139,121942
39141,
39141,77159
39143,
39143,60179
39145,77258
39145,
39147,55669
39147,
39149,48951
39149,
39151,
39151,375736
39153,541943
39153,
39155,
39155,205175
39157,92788
39157,
39159,53776
39159,
39161,
39161,28462
39163,
39163,13234
39165,221659
39165,
39167,61213
39167,
39169,
39169,115537
39171,
39171,37291
39173,
39173,129590
39175,
39175,22353
40000,
40001,
40001,22186
40003,
40003,5790
40005,
40005,13796
40007,5486
40007,
40009,
40009,23691
40011,
40011,9917
40013,44486
40013,
40015,
40015,29317
40017,
40017,129582
40019,
40019,48821
40021,
40021,48341
40023,
40023,15161
40025,2294
40025,
40027,269908
40027,
40029,5807
40029,
40031,125033
40031,
40033,
40033,6150
40035,14582
40035,
40037,70632
40037,
40039,
40039,29500
40041,41446
40041,
40043,
40043,4914
40045,
40045,4150
40047,
40047,63091
40049,27561
40049,
40051,
40051,53854
40053,
40053,4501
40055,
40055,6151
40057,2798
40057,
40059,
40059,3812
40061,
40061,12896
40063,
40063,13806
40065,25998
40065,
40067,
40067,6292
40069,11103
40069,
40071,
40071,45478
40073,
40073,15532
40075,
40075,9336
40077,
40077,10693
40079,49761
40079,
40081,34619
40081,
40083,
40083,45276
40085,
40085,9773
40087,37313
40087,
40089,33050
40089,
40091,
40091,20088
40093,
40093,7750
40095,
40095,16182
40097,
40097,40816
40099,13803
40099,
40101,
40101,69966
40103,
40103,11494
40105,
40105,10524
40107,12186
40107,
40109,
40109,766215
40111,
40111,39095
40113,
40113,47981
40115,
40115,32105
40117,16401
40117,
40119,80264
40119,
40121,
40121,44626
40123,
40123,38005
40125,
40125,71811
40127,11125
40127,
40129,
40129,3761
40131,89815
40131,
40133,
40133,25421
40135,
40135,41358
40137,44493
40137,
40139,21853
40139,
40141,7628
40141,
40143,629598
40143,
40145,75702
40145,
40147,51937
40147,
40149,
40149,11547
40151,9288
40151,
40153,
40153,21529
41000,
41001,
41001,16059
41003,86316
41003,
41005,
41005,394972
41007,37474
41007,
41009,
41009,49459
41011,62475
41011,
41013,
41013,20998
41015,22335
41015,
41017,
41017,170388
41019,
41019,106972
41021,1932
41021,
41023,7180
41023,
41025,7126
41025,
41027,22885
41027,
41029,210287
41029,
41031,
41031,22192
41033,83599
41033,
41035,
41035,65455
41037,7838
41037,
41039,358337
41039,
41041,
41041,46406
41043,
41043,119356
41045,
41045,30359
41047,
41047,326110
41049,
41049,11187
41051,
41051,776712
41053,
41053,77916
41055,1710
41055,
41057,
41057,25342
41059,
41059,76705
41061,25691
41061,
41063,6820
41063,
41065,25515
41065,
41067,562998
41067,
41069,
41069,1375
41071,
41071,101758
42000,
42001,
42001,101714
42003,1231255
42003,
42005,
42005,67785
42007,
42007,169392
42009,
42009,48946
42011,413691
42011,
42013,
42013,125955
42015,61784
42015,
42017,626685
42017,
42019,
42019,185943
42021,137732
42021,
42023,
42023,4805
42025,64441
42025,
42027,158742
42027,
42029,512784
42029,
42031,38821
42031,
42033,
42033,81191
42035,
42035,39745
42037,67122
42037,
42039,87175
42039,
42041,
42041,243762
42043,271453
42043,
42045,
42045,562960
42047,31194
42047,
42049,278443
42049,
42051,
42051,134086
42053,
42053,7518
42055,152892
42055,
42057,
42057,14632
42059,37843
42059,
42061,45750
42061,
42063,
42063,87706
42065,44638
42065,
42067,24796
42067,
42069,212719
42069,
42071,533320
42071,
42073,
42073,88771
42075,136359
42075,
42077,
42077,357823
42079,318829
42079,
42081,
42081,116508
42083,42554
42083,
42085,114884
42085,
42087,
42087,46552
42089,
42089,166314
42091,816857
42091,
42093,18641
42093,
42095,
42095,300654
42097,
42097,93944
42099,
42099,45634
42101,
42101,1560297
42103,
42103,56191
42105,17206
42105,
42107,145797
42107,
42109,40323
42109,
42111,
42111,76218
42113,6339
42113,
42115,
42115,41920
42117,42274
42117,
42119,
42119,44874
42121,
42121,53529
42123,40703
42123,
42125,
42125,208187
42127,
42127,51401
42129,359320
42129,
42131,
42131,28131
42133,440755
42133,
44000,
44001,
44001,49060
44003,
44003,165128
44005,
44005,82358
44007,
44007,631974
44009,126653
44009,
45000,
45001,
45001,24965
45003,
45003,164753
45005,
45005,9695
45007,192810
45007,
45009,15182
45009,
45011,21959
45011,
45013,
45013,175852
45015,198205
45015,
45017,14878
45017,
45019,381015
45019,
45021,
45021,56024
45023,
45023,32337
45025,
45025,46125
45027,
45027,34113
45029,
45029,37771
45031,67799
45031,
45033,
45033,31127
45035,
45035,148469
45037,26553
45037,
45039,22976
45039,
45041,
45041,139231
45043,
45043,60773
45045,482752
45045,
45047,69520
45047,
45049,
45049,20405
45051,
45051,298832
45053,27170
45053,
45055,
45055,63161
45057,
45057,83160
45059,66533
45059,
45061,
45061,18343
45063,
45063,277888
45065,
45065,9846
45067,
45067,31933
45069,
45069,27924
45071,37783
45071,
45073,
45073,75192
45075,
45075,90090
45077,120368
45077,
45079,401566
45079,
45081,
45081,20026
45083,293542
45083,
45085,107919
45085,
45087,27876
45087,
45089,
45089,32695
45091,
45091,245346
46000,
46003,
46003,2745
46005,
46005,18169
46007,3430
46007,
46009,
46009,7023
46011,
46011,33314
46013,38408
46013,
46015,5309
46015,
46017,
46017,2077
46019,10298
46019,
46021,1386
46021,
46023,9287
46023,
46025,3645
46025,
46027,
46027,13932
46029,27938
46029,
46031,4182
46031,
46033,8445
46033,
46035,19885
46035,
46037,5588
46037,
46039,
46039,4312
46041,5662
46041,
46043,
46043,2973
46045,3983
46045,
46047,6845
46047,
46049,
46049,2357
46051,7241
46051,
46053,
46053,4217
46055,
46055,1847
46057,5989
46057,
46059,
46059,3345
46061,
46061,3419
46063,
46063,1250
46065,
46065,17642
46067,7200
46067,
46069,1396
46069,
46071,3274
46071,
46073,
46073,2007
46075,975
46075,
46077,
46077,5075
46079,12368
46079,
46081,
46081,24657
46083,
46083,51548
46085,
46085,3877
46087,
46087,5649
46089,
46089,2429
46091,4683
46091,
46093,26951
46093,
46095,2100
46095,
46097,2316
46097,
46099,
46099,182882
46101,
46101,6367
46103,108242
46103,
46105,3033
46105,
46107,2340
46107,
46109,
46109,10374
46111,
46111,2336
46113,14218
46113,
46115,
46115,6598
46117,
46117,2983
46119,
46119,1438
46121,
46121,9882
46123,
46123,5512
46125,
46125,8272
46127,15029
46127,
46129,
46129,5511
46135,
46135,22684
46137,2826
46137,
47000,
47001,75528
47001,
47003,46627
47003,
47005,
47005,16145
47007,13931
47007,
47009,
47009,126339
47011,102975
47011,
47013,
47013,39918
47015,13757
47015,
47017,28370
47017,
47019,
47019,56886
47021,
47021,39764
47023,17379
47023,
47025,31592
47025,
47027,
47027,7765
47029,
47029,35374
47031,
47031,53623
47033,14668
47033,
47035,57985
47035,
47037,
47037,668347
47039,11666
47039,
47041,19268
47041,
47043,
47043,50575
47045,37935
47045,
47047,
47047,39011
47049,
47049,17855
47051,
47051,41402
47053,
47053,49472
47055,
47055,28853
47057,22864
47057,
47059,
47059,68335
47061,
47061,13425
47063,
47063,63036
47065,351220
47065,
47067,6657
47067,
47069,25965
47069,
47071,
47071,25870
47073,
47073,56735
47075,18185
47075,
47077,
47077,28009
47079,
47079,32204
47081,24384
47081,
47083,
47083,8267
47085,18135
47085,
47087,11568
47087,
47089,52677
47089,
47091,17859
47091,
47093,448644
47093,
47095,7631
47095,
47097,27382
47097,
47099,42274
47099,
47101,11906
47101,
47103,33637
47103,
47105,50771
47105,
47107,52626
47107,
47109,26267
47109,
47111,23003
47111,
47113,
47113,98178
47115,
47115,28407
47117,31269
47117,
47119,
47119,85515
47121,
47121,11701
47123,
47123,45233
47125,
47125,189961
47127,
47127,6319
47129,21660
47129,
47131,
47131,30941
47133,
47133,22028
47135,
47135,7822
47137,5124
47137,
47139,16730
47139,
47141,74165
47141,
47143,32641
47143,
47145,52748
47145,
47147,
47147,68079
47149,
47149,288906
47151,
47151,21987
47153,
47153,14704
47155,
47155,95110
47157,938803
47157,
47159,19009
47159,
47161,
47161,13279
47163,157047
47163,
47165,
47165,172706
47167,
47167,61623
47169,
47169,8002
47171,17963
47171,
47173,19113
47173,
47175,5633
47175,
47177,
47177,39969
47179,
47179,126242
47181,
47181,16913
47183,34373
47183,
47185,
47185,26301
47187,205226
47187,
47189,
47189,125376
48000,
48001,
48001,57627
48003,17477
48003,
48005,87750
48005,
48007,
48007,24972
48009,8811
48009,
48011,1955
48011,
48013,
48013,47774
48015,
48015,29114
48017,
48017,6910
48019,
48019,20892
48021,
48021,78069
48023,3592
48023,
48025,
48025,32863
48027,
48027,329140
48029,
48029,1855866
48031,10812
48031,
48033,652
48033,
48035,17780
48035,
48037,
48037,93275
48039,338124
48039,
48041,
48041,209152
48043,9173
48043,
48045,1536
48045,
48047,
48047,7194
48049,37653
48049,
48051,
48051,17253
48053,
48053,44943
48055,39810
48055,
48057,
48057,21797
48059,
48059,13513
48061,420392
48061,
48063,12621
48063,
48065,6013
48065,
48067,
48067,30261
48069,
48069,7781
48071,
48071,38145
48073,50902
48073,
48075,
48075,7089
48077,
48077,10370
48079,
48079,2935
48081,3254
48081,
48083,
48083,8430
48085,885241
48085,
48087,3017
48087,
48089,
48089,20719
48091,
48091,123694
48093,
48093,13550
48095,
48095,4050
48097,38761
48097,
48099,
48099,75562
48101,
48101,1415
48103,4950
48103,
48105,3812
48105,
48107,5899
48107,
48109,
48109,2266
48111,7135
48111,
48113,
48113,2518638
48115,
48115,13372
48117,19195
48117,
48119,
48119,5238
48121,753363
48121,
48123,20684
48123,
48125,
48125,2218
48127,
48127,11089
48129,
48129,3543
48131,
48131,11533
48133,
48133,18176
48135,153904
48135,
48137,1879
48137,
48139,159317
48139,
48141,833487
48141,
48143,
48143,40147
48145,
48145,16989
48147,33752
48147,
48149,
48149,24833
48151,3831
48151,
48153,5949
48153,
48155,
48155,1275
48157,
48157,685345
48159,10600
48159,
48161,
48161,19762
48163,18531
48163,
48165,
48165,19425
48167,314198
48167,
48169,
48169,6435
48171,
48171,25520
48173,
48173,1291
48175,
48175,7549
48177,
48177,20462
48179,
48179,23044
48181,
48181,123534
48183,123204
48183,
48185,
48185,27172
48187,
48187,147250
48189,
48189,34720
48191,
48191,3147
48193,
48193,8199
48195,5509
48195,
48197,
48197,3928
48199,
48199,55621
48201,
48201,4441370
48203,67336
48203,
48205,6089
48205,
48207,
48207,5769
48209,
48209,185025
48211,4180
48211,
48213,
48213,79290
48215,
48215,831073
48217,
48217,34848
48219,23577
48219,
48221,53921
48221,
48223,35921
48223,
48225,22741
48225,
48227,
48227,36651
48229,3211
48229,
48231,
48231,88493
48233,
48233,21773
48235,
48235,1574
48237,8855
48237,
48239,14739
48239,
48241,35552
48241,
48243,2204
48243,
48245,252235
48245,
48247,
48247,5255
48249,
48249,41353
48251,157456
48251,
48253,
48253,19936
48255,
48255,14906
48257,
48257,111236
48259,38880
48259,
48261,
48261,400
48263,
48263,785
48265,
48265,50562
48267,4438
48267,
48269,
48269,262
48271,3526
48271,
48273,
48273,32190
48275,
48275,3858
48277,
48277,49523
48279,
48279,13574
48281,20156
48281,
48283,
48283,7474
48285,19721
48285,
48287,16742
48287,
48289,
48289,16861
48291,
48291,78117
48293,
48293,23524
48295,
48295,3553
48297,
48297,12091
48299,
48299,19510
48301,
48301,86
48303,293974
48303,
48305,
48305,5771
48307,
48307,8199
48309,243441
48309,
48311,805
48311,
48313,
48313,13861
48315,10149
48315,
48317,
48317,5460
48319,
48319,4071
48321,36519
48321,
48323,57023
48323,
48325,47894
48325,
48327,2147
48327,
48329,155830
48329,
48331,24256
48331,
48333,
48333,4870
48335,
48335,9076
48337,19416
48337,
48339,
48339,518947
48341,
48341,22148
48343,
48343,12743
48345,1153
48345,
48347,
48347,65301
48349,
48349,48195
48351,14138
48351,
48353,15093
48353,
48355,356221
48355,
48357,
48357,10758
48359,2070
48359,
48361,
48361,83433
48363,28096
48363,
48365,
48365,23769
48367,123164
48367,
48369,
48369,9908
48371,
48371,15893
48373,
48373,46079
48375,
48375,121627
48377,
48377,6976
48379,11032
48379,
48381,
48381,128220
48383,
48383,3755
48385,
48385,3371
48387,
48387,12446
48389,
48389,14349
48391,7302
48391,
48393,928
48393,
48395,
48395,16500
48397,
48397,87809
48399,
48399,10416
48401,53923
48401,
48403,10350
48403,
48405,
48405,8610
48407,27099
48407,
48409,
48409,66915
48411,
48411,5622
48413,3162
48413,
48415,
48415,17328
48417,
48417,3343
48419,
48419,25515
48421,
48421,3084
48423,
48423,218842
48425,
48425,8694
48427,
48427,62955
48429,9405
48429,
48431,
48431,1339
48433,1403
48433,
48435,3972
48435,
48437,
48437,7581
48439,1945360
48439,
48441,
48441,135143
48443,
48443,927
48445,
48445,12739
48447,
48447,1608
48449,32506
48449,
48451,
48451,116608
48453,
48453,1151145
48455,
48455,14224
48457,21418
48457,
48459,
48459,40354
48461,3454
48461,
48463,
48463,27117
48465,48974
48465,
48467,
48467,52910
48469,
48469,91081
48471,69789
48471,
48473,46820
48473,
48475,
48475,11625
48477,34438
48477,
48479,
48479,266673
48481,41168
48481,
48483,
48483,5714
48485,
48485,132355
48487,12973
48487,
48489,21903
48489,
48491,
48491,489250
48493,
48493,46402
48495,
48495,7821
48497,61638
48497,
48499,
48499,42852
48501,
48501,8286
48503,
48503,18350
48505,
48505,14319
48507,
48507,12267
49000,
49001,6461
49001,
49003,51518
49003,
49005,
49005,118343
49007,20660
49007,
49009,1117
49009,
49011,
49011,329692
49013,20380
49013,
49015,
49015,10631
49017,
49017,5024
49019,
49019,9429
49021,
49021,47269
49023,
49023,10486
49025,7254
49025,
49027,
49027,12606
49029,
49029,10608
49031,1484
49031,
49033,
49033,2293
49035,
49035,1091742
49037,15251
49037,
49039,28477
49039,
49041,20773
49041,
49043,39105
49043,
49045,61598
49045,
49047,36867
49047,
49049,
49049,560974
49051,27714
49051,
49053,151948
49053,
49055,2723
49055,
49057,
49057,240475
50000,
50001,37009
50001,
50003,36445
50003,
50005,30981
50005,
50007,
50007,160531
50009,
50009,6125
50011,48642
50011,
50013,
50013,6994
50015,
50015,25082
50017,
50017,28859
50019,
50019,27082
50021,60086
50021,
50023,
50023,58998
50025,43714
50025,
50027,56014
50027,
51000,
51001,
51001,33021
51003,104489
51003,
51005,
51005,15820
51007,12855
51007,
51009,32041
51009,
51011,
51011,15279
51013,
51013,226908
51015,
51015,73862
51017,
51017,4563
51019,76583
51019,
51021,
51021,6625
51023,33100
51023,
51025,16498
51025,
51027,23106
51027,
51029,16913
51029,
51031,54885
51031,
51033,
51033,29778
51035,
51035,29621
51036,7023
51036,
51037,
51037,12225
51041,332499
51041,
51043,
51043,14423
51045,
51045,5234
51047,
51047,49166
51049,9827
51049,
51051,
51051,15308
51053,
51053,27859
51057,
51057,11103
51059,1137538
51059,
51061,
51061,68248
51063,
51063,15578
51065,
51065,26092
51067,
51067,56358
51069,
51069,82377
51071,
51071,16815
51073,
51073,37141
51075,21936
51075,
51077,15093
51077,
51079,19031
51079,
51081,11681
51081,
51083,35200
51083,
51085,101918
51085,
51087,321924
51087,
51089,
51089,52081
51091,
51091,2248
51093,
51093,36007
51095,72583
51095,
51097,
51097,7175
51099,
51099,25371
51101,
51101,16186
51103,
51103,11044
51105,
51105,24951
51107,363050
51107,
51109,34348
51109,
51111,12466
51111,
51113,
51113,13157
51115,
51115,8836
51117,
51117,31192
51119,10696
51119,
51121,97244
51121,
51125,14850
51125,
51127,
51127,20021
51131,
51131,12121
51133,
51133,12251
51135,
51135,15579
51137,
51137,35026
51139,23848
51139,
51141,
51141,18264
51143,62383
51143,
51145,28449
51145,
51147,23074
51147,
51149,
51149,37333
51153,446094
51153,
51155,34322
51155,
51157,
51157,7361
51159,
51159,8902
51161,
51161,93785
51163,
51163,22327
51165,
51165,78171
51167,
51167,28023
51169,22384
51169,
51171,
51171,43021
51173,
51173,31555
51175,18059
51175,
51177,
51177,129188
51179,139992
51179,
51181,
51181,6790
51183,11767
51183,
51185,43452
51185,
51187,
51187,38987
51191,54729
51191,
51193,17477
51193,
51195,39935
51195,
51197,29121
51197,
51199,66342
51199,
51510,150575
51510,
51515,
51520,17184
51520,
51530,6603
51530,
51540,45593
51540,
51550,233371
51550,
51560,
51570,
51570,17731
51580,
51580,5802
51590,
51590,42444
51595,5462
51595,
51600,24483
51600,
51610,13601
51610,
51620,8526
51620,
51630,28350
51630,
51640,
51640,7014
51650,136879
51650,
51660,
51660,52478
51670,22196
51670,
51678,
51678,7311
51680,79047
51680,
51683,
51683,42081
51685,
51685,15174
51690,13711
51690,
51700,182965
51700,
51710,
51710,245428
51720,
51720,4031
51730,
51730,32701
51735,
51735,12048
51740,96004
51740,
51750,17646
51750,
51760,
51760,217853
51770,99428
51770,
51775,25483
51775,
51780,
51790,
51790,24538
51800,86806
51800,
51810,450980
51810,
51820,
51820,21366
51830,
51830,14691
51840,
51840,27543
53000,
53001,
53001,19179
53003,22189
53003,
53005,
53005,186486
53007,74588
53007,
53009,72715
53009,
53011,
53011,451008
53013,
53013,3985
53015,102133
53015,
53017,
53017,39804
53019,
53019,7667
53021,87809
53021,
53023,
53023,2215
53025,
53025,93147
53027,
53027,70818
53029,79275
53029,
53031,30228
53031,
53033,
53033,2079967
53035,254183
53035,
53037,
53037,42522
53039,
53039,20861
53041,75128
53041,
53043,
53043,10250
53045,
53045,60711
53047,
53047,41290
53049,20561
53049,
53051,
53051,12985
53053,
53053,831928
53055,16015
53055,
53057,120365
53057,
53059,11340
53059,
53061,
53061,759583
53063,484318
53063,
53065,
53065,43650
53067,265851
53067,
53069,4067
53069,
53071,59844
53071,
53073,208351
53073,
53075,46827
53075,
53077,247687
53077,
54000,
54001,
54001,16766
54003,
54003,110497
54005,23714
54005,
54007,
54007,14463
54009,
54009,23530
54011,97109
54011,
54013,
54013,7513
54015,8941
54015,
54017,
54017,8391
54019,
54019,45132
54021,8618
54021,
54023,
54023,11687
54025,35450
54025,
54027,
54027,23483
54029,
54029,30112
54031,
54031,13923
54033,68761
54033,
54035,
54035,29126
54037,
54037,55713
54039,
54039,190223
54041,
54041,16414
54043,
54043,21561
54045,
54045,35348
54047,
54047,20448
54049,
54049,56803
54051,
54051,32416
54053,
54053,27016
54055,61785
54055,
54057,
54057,27578
54059,25716
54059,
54061,103463
54061,
54063,
54063,13582
54065,17453
54065,
54067,
54067,25827
54069,43328
54069,
54071,7371
54071,
54073,
54073,7634
54075,
54075,8662
54077,33788
54077,
54079,56770
54079,
54081,
54081,78241
54083,29429
54083,
54085,10011
54085,
54087,
54087,14664
54089,
54089,13417
54091,17069
54091,
54093,
54093,6927
54095,9098
54095,
54097,
54097,24731
54099,41122
54099,
54101,
54101,8834
54103,
54103,15988
54105,
54105,5845
54107,86237
54107,
54109,
54109,22598
55000,
55001,20215
55001,
55003,
55003,16103
55005,
55005,45455
55007,14985
55007,
55009,256670
55009,
55011,
55011,13188
55013,
55013,15328
55015,49491
55015,
55017,
55017,63460
55019,
55019,34423
55021,
55021,56615
55023,16392
55023,
55025,516284
55025,
55027,
55027,88574
55029,27766
55029,
55031,
55031,43698
55033,44305
55033,
55035,101564
55035,
55037,
55037,4481
55039,
55039,101759
55041,
55041,9127
55043,51829
55043,
55045,37063
55045,
55047,18836
55047,
55049,
55049,23825
55051,
55051,5917
55053,
55053,20652
55055,
55055,84395
55057,
55057,26395
55059,
55059,168068
55061,
55061,20444
55063,118011
55063,
55065,
55065,16853
55067,19410
55067,
55069,
55069,28493
55071,80160
55071,
55073,135780
55073,
55075,41298
55075,
55077,15050
55077,
55078,4522
55078,
55079,
55079,956406
55081,
55081,45379
55083,
55083,37417
55085,
55085,35563
55087,
55087,182006
55089,
55089,87470
55091,
55091,7335
55093,
55093,40958
55095,
55095,43437
55097,
55097,70482
55099,13675
55099,
55101,
55101,195163
55103,
55103,17662
55105,161188
55105,
55107,
55107,14333
55109,86759
55109,
55111,
55111,63379
55113,16437
55113,
55115,
55115,41579
55117,
55117,115290
55119,20540
55119,
55121,29509
55121,
55123,30362
55123,
55125,21398
55125,
55127,103527
55127,
55129,
55129,15694
55131,133251
55131,
55133,
55133,395118
55135,52066
55135,
55137,
55137,24178
55139,
55139,169511
55141,
55141,73608
56000,
56001,
56001,37811
56003,11930
56003,
56005,
56005,48320
56007,15854
56007,
56009,14097
56009,
56011,
56011,7248
56013,
56013,40703
56015,13514
56015,
56017,
56017,4816
56019,
56019,8573
56021,96389
56021,
56023,18567
56023,
56025,
56025,81624
56027,2463
56027,
56029,
56029,28989
56031,8799
56031,
56033,30032
56033,
56035,10057
56035,
56037,45010
56037,
56039,
56039,22930
56041,
56041,20904
56043,8322
56043,
56045,
56045,7201
